id,first_name,last_name,email,gender
1,Claudius,Martinie,cmartinie0@1und1.de,Male
2,Andrea,Massard,amassard1@fc2.com,Male
3,Lefty,Callaway,lcallaway2@goo.gl,Male
4,Kesley,Rivelin,krivelin3@yandex.ru,Female
5,Tonnie,Westell,twestell4@nature.com,Male
6,Kaile,Garrett,kgarrett5@devhub.com,Female
7,Bud,Witherspoon,bwitherspoon6@globo.com,Male
8,Lauritz,Corck,lcorck7@ox.ac.uk,Male
9,Mischa,Pyrton,mpyrton8@pagesperso-orange.fr,Male
10,Vail,Roulston,vroulston9@amazon.de,Male
11,Karisa,Hawkes,khawkesa@ucoz.ru,Agender
12,Orren,Joicey,ojoiceyb@gravatar.com,Genderfluid
13,Heda,Isaaksohn,hisaaksohnc@pen.io,Female
14,Tyson,Lergan,tlergand@japanpost.jp,Male
15,Briny,Warburton,bwarburtone@guardian.co.uk,Female
16,Samantha,Dillestone,sdillestonef@indiatimes.com,Female
17,Cass,Crowter,ccrowterg@qq.com,Male
18,Retha,Bardsley,rbardsleyh@desdev.cn,Female
19,Gae,Ogden,gogdeni@ocn.ne.jp,Female
20,Rodolfo,Avery,raveryj@cloudflare.com,Male